id,closeness
F,0.071428571
C,0.071428571
H,0.066666667
D,0.066666667
B,0.058823529
E,0.058823529
G,0.055555556
A,0.055555556
I,0.047619048
J,0.034482759
